"Upregulated","Downregulated"
1.73513943665881e-10,0.99999999997683
8.1622552876719e-07,0.999999923324489
0.269510717179757,0.932785462785678
1,1
1,1
